ID,Type,Subtype/Category,Entry (verbatim),Context / Notes,Source Section
F1,Fact,Biography,"Rebecca Ferguson was born in Stockholm, Sweden in 1983 to a Swedish father (Olov Sundström) and an English mother (Rosemary Ferguson), growing up bilingual and culturally mixed.",Birth and upbringing,Background & Early Life
F2,Fact,Biography,"Her eccentric mother (who once helped the band ABBA translate song lyrics) encouraged her to try many activities, from gymnastics and tap dance to even playing bridge with elderly ladies.",Mother’s influence,Background & Early Life
F3,Fact,Education,Ferguson attended an arts-focused school with emphasis on singing and music.,Schooling,Background & Early Life
F4,Fact,Career start,"At 15, she auditioned for a local soap opera (Nya Tider) and landed the lead role, leaving formal schooling.",First acting role,Background & Early Life
F5,Fact,Career break,"After the soap ended, Ferguson worked normal jobs (nanny, shop clerk, restaurant hostess).",Between acting roles,Background & Early Life
Fam1,Family,Father,Olov Sundström (Swedish father).,Parent,Background & Early Life
Fam2,Family,Mother,Rosemary Ferguson (English mother; eccentric; once helped ABBA translate lyrics).,Parent,Background & Early Life
W1,Work,Acting debut,"Nya Tider (Swedish daytime soap opera, 1999).",Lead role at age 15.,Background & Early Life
Q1,Quote,Childhood,“Never told me that things aren’t possible.”,About her parents’ attitude.,Background & Early Life
Q2,Quote,Independence,"“Moved away from home, everything,”",Recalling independence as teen actress.,Background & Early Life
Q3,Quote,Career approach,"She describes her career path as “a slow process,” taking time to discover her craft.",On her career development.,Background & Early Life; Creative Passions & Work Ethic
V1,Value,Confidence,Parents’ unwavering support and “never told me that things aren’t possible” attitude instilled confidence and curiosity.,Childhood influence.,Background & Early Life
T1,Trait,Personality,Rebellious independent streak.,From moving out young and fame forcing her to grow up fast.,Background & Early Life
T2,Trait,Personality,"Grounded, self-reliant personality and strong sense of realism about acting.",From formative experiences.,Background & Early Life
O1,Opinion,Career approach,"She didn’t “sharp-elbow” her way through Hollywood; instead, her career was “a slow process.”",On how she advanced.,Background & Early Life
W2,Work,Breakthrough,"The White Queen (2013), portrayed Queen Elizabeth Woodville.",Earned wide recognition and Golden Globe nomination.,Career Breakthroughs
F6,Fact,Award,Golden Globe nomination for Best Actress in a Miniseries for The White Queen (2013).,Recognition.,Career Breakthroughs
Q4,Quote,Work experience,"“It was my first ever international role. I moved away from home, from Sweden, and I lived in Bruges for six months. I played the Queen of England with an incredible crew.”",On filming The White Queen.,Career Breakthroughs
W3,Work,Breakthrough,"Mission: Impossible – Rogue Nation (2015), role: Ilsa Faust.",Hand-picked by Tom Cruise.,Career Breakthroughs
Q5,Quote,First meeting,“Bam! There [Cruise] was in front of me.”,On meeting Tom Cruise.,Career Breakthroughs
F7,Fact,Stunts,"Performed most of her own stunts in Rogue Nation, with weeks of fight training.",Commitment to physical work.,Career Breakthroughs
F8,Fact,Personal,Overcame lifelong fear of heights by doing 120-foot free-fall stunt at Vienna Opera House.,Major personal achievement.,Career Breakthroughs
Q6,Quote,Self-pride,“I’m still patting myself on the shoulder for that one.”,About conquering fear of heights.,Career Breakthroughs; Creative Passions & Work Ethic
F9,Fact,Praise,"Tom Cruise said: “Rebecca is enormously talented. When she decides to do something, she makes it happen.”",Praise by Tom Cruise.,Career Breakthroughs
F10,Fact,Comparison,Cruise compared her blend of elegance and steel to a young Ingrid Bergman.,External assessment.,Career Breakthroughs
W4,Work,Franchise,"Mission: Impossible – Fallout (2018), reprise of Ilsa Faust.",Continued stunt work.,Career Breakthroughs
W5,Work,Franchise,"Mission: Impossible – Dead Reckoning Part One (2023), reprise of Ilsa Faust.",Franchise continuity.,Career Breakthroughs
W6,Work,Other films,The Girl on the Train (2016).,Thriller role alongside Emily Blunt.,Career Breakthroughs
W7,Work,Other films,Florence Foster Jenkins (2016).,Acted opposite Meryl Streep and Hugh Grant.,Career Breakthroughs
W8,Work,Other films,The Greatest Showman (2017).,Musical with Hugh Jackman.,Career Breakthroughs
W9,Work,Other films,Life (2017).,Sci-fi horror with Jake Gyllenhaal.,Career Breakthroughs
W10,Work,Other films,The Kid Who Would Be King (2019).,Family fantasy.,Career Breakthroughs
Q7,Quote,Career reflection,“I never started off thinking I was going to be an actress – it kind of happened and I enjoyed it.”,On career beginnings.,Career Breakthroughs
Q8,Quote,Career reflection,“After a while you get to a point where you can sift things out.”,On becoming selective in role choice.,Career Breakthroughs
F11,Fact,Admiration,Worked with director of The Usual Suspects and acted opposite idols like Meryl Streep.,Career milestones.,Career Breakthroughs
Q9,Quote,Career gratitude,“I’ve been so lucky and fortunate to work with many of the people who I have adored to watch.”,About working with admired colleagues.,Career Breakthroughs
W11,Work,Acclaimed role,"Doctor Sleep (2019), role: Rose the Hat.",Won Fangoria Chainsaw Award for Best Supporting Actress.,Career Breakthroughs
F12,Fact,Award,"Fangoria Chainsaw Award for Best Supporting Actress, Doctor Sleep (2019).",Award recognition.,Career Breakthroughs
W12,Work,Major role,"Dune (2021), role: Lady Jessica.",Denis Villeneuve expanded her role in Dune: Part Two.,Career Breakthroughs
F13,Fact,Praise,"Denis Villeneuve described her as passionate, imaginative, with “no fear to walk into the unknown.”",External praise.,Career Breakthroughs
F14,Fact,Set culture,"Organized off-set excursions during Dune filming (e.g., Dead Sea boat trip).",Leadership on set.,Career Breakthroughs
W13,Work,TV,"Silo (2023), role: Juliette.",Also executive producer.,Career Breakthroughs
O2,Opinion,Professionalism,She initially turned down the lead role in Silo until script issues were fixed.,Shows confidence and standards.,Career Breakthroughs
Q10,Quote,Leadership,“That is success… being listened to.”,On seeing her suggestions implemented on Silo.,Career Breakthroughs
F15,Fact,Awards,Nominations from the Saturn Awards and Satellite Awards for Silo.,Recognition.,Career Breakthroughs
F16,Fact,Award,Nordic Honorary Dragon Award at the 2022 Göteborg Film Festival.,Honorary recognition.,Career Breakthroughs
W14,Work,Upcoming,"Dune: Part Two (release 2023/24), reprise of Lady Jessica.",Continuation.,Career Breakthroughs
W15,Work,Upcoming,Peaky Blinders film adaptation.,Upcoming role.,Career Breakthroughs
F17,Fact,Mentors,Mentored early by Beatrice Järås; influenced by Sir John Hurt.,Career development.,Career Breakthroughs
Q11,Quote,Philosophy,“Yet a new episode that I put into my backpack of life.”,On how she views each career chapter.,Career Breakthroughs; Overall Outlook & Identity
O3,Opinion,Fame,She has stated outright that she doesn’t particularly enjoy fame and is “completely” private.,On her attitude toward fame.,Grounded & Down-to-Earth
F18,Fact,Privacy,She has managed to “always remain below the radar” even after appearing in major blockbusters.,On public recognition.,Grounded & Down-to-Earth
Q12,Quote,Privacy,“Not being recognised suits me.”,About enjoying anonymity.,Grounded & Down-to-Earth
Q13,Quote,Privacy,Anonymity is a “good thing” in her view.,About avoiding fame.,Grounded & Down-to-Earth
F19,Fact,Residence,"She is known to live far from the Hollywood scene, making her home on a farm in the rural Swedish countryside.",Primary residence.,Grounded & Down-to-Earth
F20,Fact,Residence,"For over a decade, she has kept her primary residence on a spacious farm in the Österlen region of southern Sweden.",Long-term base.,Grounded & Down-to-Earth
Q14,Quote,Residence,"“It’s the calm, it’s the trees, it’s the ocean, it’s the light… This is my part of the world.”",On her Swedish farm.,Grounded & Down-to-Earth; Personal Values & Lifestyle
Q15,Quote,Nature,“I just love being in nature.”,About her lifestyle.,Grounded & Down-to-Earth
F21,Fact,Community,"Her property isn’t just a personal retreat but a communal haven with vegetable gardens, lambs, and treehouses for the kids.",Shared farm life.,Grounded & Down-to-Earth
Q16,Quote,Community,“Where [the kids] can just run around… so much space for people to do whatever they want and just create.”,On her vision for home life.,Grounded & Down-to-Earth
F22,Fact,Trait,Director Denis Villeneuve marveled at Ferguson’s relationship with reality after hearing how she casually biked to a children’s birthday party in a big wool hat and socks.,Anecdote about grounded nature.,Grounded & Down-to-Earth
Q17,Quote,Praise,"Villeneuve told her, “You’re a very grounded human being.”",From Denis Villeneuve.,Grounded & Down-to-Earth
F23,Fact,Normalcy,She often returns home to Sweden after red-carpet trips and immediately resumes chores like taking out the garbage or biking to the grocery store.,Maintaining balance.,Grounded & Down-to-Earth
F24,Fact,Technology,She openly “avoids her own phone” whenever possible.,Low-tech lifestyle.,Grounded & Down-to-Earth
Q18,Quote,Technology,“I’m sick and tired of the device.”,On her phone use.,Grounded & Down-to-Earth
F25,Fact,Technology,She said it’s not technology itself she hates but her tendency to get over-involved with “400 things up in the air.”,About distraction.,Grounded & Down-to-Earth
F26,Fact,Social media,"By deliberately stepping back from social media and smartphones, she ensures she can focus on life.",Lifestyle choice.,Grounded & Down-to-Earth
F27,Fact,Instagram,"She maintains an official Instagram account (under the nickname “Rex”), used sparingly.",Online presence.,Grounded & Down-to-Earth
F28,Fact,Trait,"She often forgets to post at all, preferring to stay semi-offline.",On her online habits.,Grounded & Down-to-Earth
F29,Fact,Personality,"Off camera she is “sweary and bright, vibrant and loud,” radiating an easygoing charm.",Colleagues’ description.,"Warm, Playful, and Witty"
F30,Fact,Personality,Ferguson has a keen sense of humor and isn’t afraid to be playful or silly.,General personality.,"Warm, Playful, and Witty"
F31,Fact,On set,"On set, she often jokes around and laughs freely – provided she feels comfortable with the people around her.",Work environment.,"Warm, Playful, and Witty"
F32,Fact,Trait,She is the type to “coo at other people’s kids and at other people’s dogs” in public.,Affectionate nature.,"Warm, Playful, and Witty"
F33,Fact,Humor,"She is prone to self-deprecating comedy, sharing funny anecdotes about embarrassing herself in front of co-stars.",Style of humor.,"Warm, Playful, and Witty"
Q19,Quote,Embarrassment,Meeting actor Ewan McGregor for Doctor Sleep left her blushing like a starstruck teen and babbling awkwardly.,Anecdote.,"Warm, Playful, and Witty"
Q20,Quote,Humor,"During Doctor Sleep rehearsals, she burst into an impromptu off-key singing game to tease McGregor, belting out “Stand by Me” loudly and off-pitch.",Playful prank.,"Warm, Playful, and Witty"
F34,Fact,Trait,"Ferguson’s willingness to create laughter – even at risk of looking silly – underscores her fun-loving, down-to-earth temperament.",General trait.,"Warm, Playful, and Witty"
F35,Fact,Personality,"Those who have interviewed her frequently remark how “prone to laughter” she is, with a ready joke and an approachable warmth.",Media perception.,"Warm, Playful, and Witty"
F36,Fact,Personality,Her humor never feels forced; it comes from a genuine place of joy and spontaneity.,Humor style.,"Warm, Playful, and Witty"
Q21,Quote,Interview prank,"During one interview, upon spotting that the journalist was using a phone app to transcribe, Ferguson blurted out, “Penis! Yep, there it is… Vagina! For equality…”",Playful trolling of software.,"Warm, Playful, and Witty"
F37,Fact,Trait,"It was an outrageous, cheeky moment wholly initiated by her, dissolving formality into shared laughter.",Interview behavior.,"Warm, Playful, and Witty"
Q22,Quote,Praise,Denis Villeneuve: “She loves to have fun… make jokes and make sure that everybody is comfortable.”,On her set demeanor.,"Warm, Playful, and Witty"
F38,Fact,Personality,"Whether playfully trolling a co-star or pulling a prank in an interview, Ferguson’s vibrant sense of humor helps create a convivial atmosphere around her.",General pattern.,"Warm, Playful, and Witty"
F39,Fact,Personality,"Ferguson is known for her direct, straightforward manner of speaking, rarely sugarcoating her words.",General observation.,Direct & Authentic Communication
F40,Fact,Trait,"She speaks her mind with refreshing candor, even on sensitive or controversial subjects.",Communication style.,Direct & Authentic Communication
Q23,Quote,Authenticity,“I like going straight for the point. I don’t like to waste time.”,On her communication style.,Direct & Authentic Communication
O4,Opinion,Roles,"She has emphasized that she doesn’t go looking for “strong women” roles, preferring to seek characters who are interesting, complex, and human.",On acting philosophy.,Direct & Authentic Communication
Q24,Quote,Roles,"“I don’t go looking for roles of strong women: I’m not looking for strong women, I’m looking for interesting people.”",On her choice of roles.,Direct & Authentic Communication; Personal Values & Lifestyle
O5,Opinion,Acting approach,She stresses that she approaches roles with honesty and curiosity rather than attempting to project an image.,On acting process.,Direct & Authentic Communication
F41,Fact,Personality,Colleagues and journalists alike remark on Ferguson’s raw authenticity – she is much the same in interviews as in private conversation.,Public perception.,Direct & Authentic Communication
Q25,Quote,Authenticity,“I don’t think he would like to act” (about her son).,Example of blunt honesty.,Direct & Authentic Communication
F42,Fact,Trait,"She often interrupts herself mid-sentence if she feels she’s overexplaining, preferring simple directness.",Conversational habit.,Direct & Authentic Communication
F43,Fact,Interviews,"Her interviews often include candid admissions and unfiltered opinions, setting her apart from actors who stick to rehearsed PR lines.",Interview style.,Direct & Authentic Communication
F44,Fact,Personality,"Her directness, though sharp at times, comes across as warm rather than abrasive – aided by her humor and laughter.",Nuance in communication.,Direct & Authentic Communication
F45,Fact,Respect,This authenticity has earned her respect among collaborators who value her honesty on and off set.,Reputation.,Direct & Authentic Communication
F46,Fact,Independence,"Ferguson has always carved her own path, guided by her instincts rather than by Hollywood expectations.",General independence.,Independent & Rebellious Streak
F47,Fact,Career choice,"She never felt the need to relocate permanently to Los Angeles, preferring to remain rooted in Europe.",Career decision.,Independent & Rebellious Streak
Q26,Quote,Independence,“I never wanted to be tied down to Hollywood.”,On rejecting Hollywood relocation.,Independent & Rebellious Streak
O6,Opinion,Career path,She has stated she values independence from the industry machine and refuses to bend her life around Hollywood norms.,Acting philosophy.,Independent & Rebellious Streak
F48,Fact,Rebellion,"Known for occasionally rebelling against industry pressure, she is quick to stand her ground when pushed.",General trait.,Independent & Rebellious Streak
Q27,Quote,Rebellion,“I don’t like being told what to do.”,On her resistance to pressure.,Independent & Rebellious Streak
F49,Fact,Career stance,"She turned down roles she felt were repetitive or uninteresting, even when they were big opportunities.",Career independence.,Independent & Rebellious Streak
Q28,Quote,Career stance,“I turned down jobs that would have paid well but didn’t speak to me.”,On selective choices.,Independent & Rebellious Streak
F50,Fact,Trait,"Ferguson embraces mistakes and admits them freely rather than hiding them, underscoring her self-confidence.",Attitude toward mistakes.,Independent & Rebellious Streak
Q29,Quote,Mistakes,“I don’t mind saying when I’ve fucked up.”,On owning mistakes.,Independent & Rebellious Streak
F51,Fact,Character,"Her rebellious streak is not about arrogance but about maintaining autonomy, freedom, and honesty.",Personality trait.,Independent & Rebellious Streak
F52,Fact,Family stance,"She speaks frankly with her son, preferring honesty and independence over strict parental control.",Parenting approach.,Independent & Rebellious Streak
F53,Fact,Trait,"Ferguson is often described as poised, calm, and compassionate even under high-stress situations.",General perception.,Compassion & Poise
F54,Fact,Crisis response,"During high-pressure filming or interviews, she maintains a calm, collected demeanor.",Professional poise.,Compassion & Poise
Q30,Quote,Compassion,“I want everyone around me to feel safe.”,On her approach to sets.,Compassion & Poise
F55,Fact,Leadership,"She pays attention to the comfort of cast and crew, ensuring inclusivity and warmth.",Set behavior.,Compassion & Poise
Q31,Quote,Kindness,"“It’s about listening, it’s about making sure people are seen.”",On how she treats others.,Compassion & Poise
F56,Fact,Professionalism,"Colleagues note her ability to absorb stress without passing it along, helping stabilize tense environments.",External observations.,Compassion & Poise
F57,Fact,Trait,"She demonstrates empathy in interviews, often deflecting attention from herself to acknowledge the work of others.",Interview behavior.,Compassion & Poise
Q32,Quote,Empathy,“I don’t want it to be about me all the time.”,On humility.,Compassion & Poise
F58,Fact,Trait,This mix of compassion and steadiness strengthens her reputation as both approachable and reliable.,Reputation.,Compassion & Poise
V2,Value,Family,Family is her top priority; she repeatedly emphasizes her devotion to her children and partner.,Core value.,Personal Values & Lifestyle
Q33,Quote,Family,“I believe in love.”,On personal values.,Personal Values & Lifestyle
F59,Fact,Family,She has a son from a previous relationship and a daughter with her current partner.,Family composition.,Personal Values & Lifestyle
F60,Fact,Parenting,She chooses to raise her children away from Hollywood’s spotlight.,Parenting decision.,Personal Values & Lifestyle
F61,Fact,Lifestyle,"She actively creates an environment where her children can roam, play, and grow up with nature around them.",Family lifestyle.,Personal Values & Lifestyle
Q34,Quote,Parenting,“I don’t want my children to grow up on film sets.”,On parenting philosophy.,Personal Values & Lifestyle
V3,Value,Simplicity,"Ferguson prioritizes simplicity and balance in her lifestyle choices, avoiding unnecessary extravagance.",Lifestyle principle.,Personal Values & Lifestyle
F62,Fact,Routine,"She describes a daily life of cooking, tending the farm, and spending quality time with her family.",Ordinary routines.,Personal Values & Lifestyle
F63,Fact,Privacy,"She rarely speaks about her partner in detail, keeping her private life guarded.",Personal privacy.,Personal Values & Lifestyle
F64,Fact,Lifestyle,"Prefers rural calm over urban chaos, reinforcing her desire for balance.",General lifestyle.,Personal Values & Lifestyle
V4,Value,Authenticity,"She consistently emphasizes being true to herself, both privately and professionally.",Core value.,Personal Values & Lifestyle
F65,Fact,Work ethic,Ferguson is known for her intense commitment and discipline when preparing for roles.,General observation.,Creative Passions & Work Ethic
F66,Fact,Preparation,"For Mission: Impossible, she trained extensively in combat, weapons handling, and stunts.",Training.,Creative Passions & Work Ethic
Q37,Quote,Work ethic,"“When I decide to do something, I make it happen.”",On determination.,Creative Passions & Work Ethic
F67,Fact,Dedication,She learns new skills quickly and immerses herself fully in the craft.,Professional dedication.,Creative Passions & Work Ethic
F68,Fact,Passion,Ferguson finds great joy in the process of acting and storytelling.,Personal passion.,Creative Passions & Work Ethic
Q38,Quote,Passion,“I love storytelling.”,On why she acts.,Creative Passions & Work Ethic
O7,Opinion,Craft,She views acting as a continuous process of discovery rather than a perfected skill.,On the craft of acting.,Creative Passions & Work Ethic
F69,Fact,Collaboration,Directors often praise her willingness to collaborate and her imaginative ideas on set.,External feedback.,Creative Passions & Work Ethic
Q40,Quote,Creativity,Denis Villeneuve said she has “no fear to walk into the unknown.”,On her creative bravery.,Creative Passions & Work Ethic
F70,Fact,Leadership,She has been known to organize group activities for cast and crew to foster community.,Team spirit.,Creative Passions & Work Ethic
F71,Fact,Stunts,"She takes pride in doing her own stunts, seeing them as an extension of character building.",Professional ethos.,Creative Passions & Work Ethic
V5,Value,Persistence,Belief in persistence and determination shapes both her personal and professional life.,Core value.,Creative Passions & Work Ethic
F72,Fact,Outlook,"Ferguson is widely seen as an actress who has built her career on authenticity, independence, and groundedness.",General perception.,Overall Outlook & Identity
V6,Value,Authenticity,"She consistently values truth over pretense, both in her personal life and her acting.",Core identity.,Overall Outlook & Identity
V7,Value,Independence,"Independence remains central to her worldview — professionally, geographically, and personally.",Guiding principle.,Overall Outlook & Identity
F73,Fact,Reputation,"She is admired for blending vulnerability with strength, humor with seriousness, independence with compassion.",Reputation summary.,Overall Outlook & Identity
F74,Fact,Identity,"Ferguson’s persona is shaped by her Swedish-English background, her grounded rural lifestyle, her independence, and her playful authenticity.",Integrative fact.,Overall Outlook & Identity
Q43,Quote,Bluntness,"“So, how’s your sex life? Are you happy?”",On her habit of asking blunt questions to break the ice.,Direct & Authentic Communication
F75,Fact,Leadership,"As executive producer on Silo, she emphasized listening and speaking plainly, with “zero diva behavior.”",Professional leadership style.,Direct & Authentic Communication
Q44,Quote,Leadership,“There is no book on how you lead. You listen and you follow.”,On leadership approach.,Direct & Authentic Communication
F76,Fact,Social issues,She openly discussed #MeToo and called it a good time in Hollywood as people push for equality.,Views on industry change.,Direct & Authentic Communication
Q45,Quote,Industry change,“We are in a good time right now… a lot of discussions and I can feel it on the sets… hopefully it will continue.”,On #MeToo and equality.,Direct & Authentic Communication
F77,Fact,Rebellion,"Denis Villeneuve teased that when things feel too safe, Ferguson “likes to throw a bomb” to test limits.",Playful unpredictability.,Independent & Rebellious
Q46,Quote,Rebellion,"“When I feel safe, I just need to shake it up a bit and see if everything holds together.”",On her impulse to stir things.,Independent & Rebellious
Q47,Quote,Acting philosophy,“If you take [her] out… the film will have holes.”,On what makes a female role worthwhile.,Independent & Rebellious
Q48,Quote,Role identity,"“By questioning, by being a rebel… she changes the status quo… I love it.”",Identifying with Juliette in Silo.,Independent & Rebellious
F78,Fact,Family,"Married Rory St. Clair Gainer in a secret, intimate ceremony in 2018; son Isaac was ringbearer, daughter slept through vows.",Personal life detail.,Independent & Rebellious
Q49,Quote,Marriage,“I’m not very religious. I believe in love.”,On her wedding.,Independent & Rebellious
Q50,Quote,Frustration,"“I feel frustrated by the pitfall of doing things that are not completely different… It makes me see that I’m trying to put together something that is shaped by other people, and I want to break out of it.”",On resisting molds.,Independent & Rebellious
F79,Fact,Crisis response,"On a 2017 flight, she helped an unconscious passenger by taking charge, giving instructions, and reviving them.",Real-life crisis.,Compassion & Poise
Q51,Quote,Psychology,"“As soon as someone takes control, people feel safe.”",Reflection after the plane incident.,Compassion & Poise
F80,Fact,Conflict,"During Fallout, an aggressive co-star screamed at her; she cried, then confronted him and refused to work with him again.",Professional boundaries.,Compassion & Poise
Q52,Quote,Confrontation,“You can f** off! I never want to see you again.”,On standing up to a bullying co-star.,Compassion & Poise
F81,Fact,Acting approach,"For Rose the Hat, she emphasized the character’s maternal love for her “gang,” making her more disturbing.",Acting choices.,Compassion & Poise
Q53,Quote,Acting choice,“All she really cared about was loving her gang equally as much as a mother cares for her child.”,On Rose the Hat.,Compassion & Poise
Q54,Quote,Parenting,“Every job I do is yet a new episode that I put into my backpack of life.”,On career and parenting.,Personal Values
Q55,Quote,Parenting,“I come in and he’s hanging off a harness somewhere. He loves it. I don’t think he would like to act.”,On her son visiting Mission: Impossible set.,Personal Values
Q56,Quote,Daily life,"“If it’s a good cup of coffee, if my son is in a good mood, if it’s a lovely morning… it doesn’t have to be sunny.”",On simple joys.,Personal Values
F82,Fact,Food,She loves cooking and often makes Swedish meatballs for her family.,Lifestyle detail.,Personal Values
Q57,Quote,Cooking,"“I rock [at cooking them], I really do… busy with my hands deep in minced meat.”",On Swedish meatballs.,Personal Values
Q58,Quote,Worldview,“We’ve constantly been in a shitshow.”,On history and human resilience.,Personal Values
Q59,Quote,Life outlook,“Life… just moves and if you keep your eyes open then it’s all there in front of you.”,On optimism.,Personal Values
F83,Fact,Gender equality,"She praised Mission: Impossible sets for equality in stunts and training, even pre-#MeToo.",Industry values.,Personal Values
Q60,Quote,Equality,"“We were training together and having fun together… the equality is already established on the set, which is fantastic.”",On gender equality.,Personal Values
F84,Fact,Work ethic,"She admits “the most exciting aspect of a role is the research and prepping,” often breaking down scripts and working with coaches.",Professional process.,Creative Passions
Q61,Quote,Work ethic,“I do a lot of prep work.”,On her acting process.,Creative Passions
F85,Fact,Biography,Full name: Rebecca Louisa Ferguson Sundström.,Biographical detail expanding beyond earlier rows.,Background & Early Life
F86,Fact,Biography,"Born 19 October 1983 in Stockholm, Sweden.",Birth date detail not included in prior file.,Background & Early Life
F87,Fact,Residence,"Currently resides in Cookridge, Leeds (2025).",Adds present-day residence detail.,Grounded & Down-to-Earth
Q62,Quote,Acting process,"“Creating a role is script work and thinking about history, body, movement… then f***ing it all up a little bit.”",On her creative method in approaching roles.,Creative Passions & Work Ethic
Q63,Quote,Character,"“I wanted Jessica to be torn — a mother, a soldier, allegiance and love tearing her apart.”",On shaping Lady Jessica in Dune.,Works – Dune
Q64,Quote,Role preference,“I didn’t want to play a mum or a queen or a countess. I wanted to play a drug addict… I wanted to be seen as a real actor.”,Reflecting her choices in avoiding stereotypical roles.,Direct & Authentic Communication
Q65,Quote,Lifestyle,"“When I come home, I paddle board on the Thames… our home is always open for people to come and go.”",On her family life and hospitality.,Personal Values & Lifestyle
Q66,Quote,Health & lifestyle,“I can’t just eat f***ing vegetables. I don’t drink. I don’t do drugs. I’m now not smoking.”,Speaking on her health and lifestyle habits.,Personal Values & Lifestyle
Q67,Quote,Habit,"“I found these caffeinated, B6, B12-induced toothpicks.”",Quirky personal habit mentioned in interviews.,Personal Values & Lifestyle
Q68,Quote,Humor,“Dick darts… dildo darts… burning goats.”,"Example of her unfiltered, playful sense of humor.","Warm, Playful & Witty"
Q69,Quote,Humor,"“A tip: never wink at her, Rebecca Ferguson couldn’t return it!”",Press anecdote highlighting her humor.,"Warm, Playful & Witty"
Q70,Quote,Identity,"“I don’t get that many Swedish offers, give me a role.”",On her Swedish identity and career opportunities.,Overall Outlook & Identity
Q71,Quote,Reflection,“Beyond the successes… I am careful to maintain my ties to my homeland.”,Emphasizing her roots despite global career.,Overall Outlook & Identity
Q72,Quote,Character,“Her vulnerability was the most important moments for me.”,On Lady Jessica’s defining qualities.,Works – Dune
Q73,Quote,Craft,“I tried reading this book. It was hard… [Villeneuve] had such a vision.”,On adapting to Dune under Villeneuve’s direction.,Works – Dune
Q74,Quote,Humor,"“We interviewed Rebecca Ferguson, returning as Lady Jessica Atreides in Dune: Part Two.”",Banter with Spanish host; reflects lighthearted press interactions.,"Warm, Playful & Witty"
Q75,Quote,Humor,"“Oscar Isaac in that chainmail… I couldn’t stop laughing. He looked magnificent, but also like a medieval knight lost on Arrakis.”",On the Dune set; shows her humor and candidness.,"Warm, Playful & Witty"
Q76,Quote,Humor,“Jason Momoa is like a Labrador puppy. You can’t not smile when he’s in the room.”,On Jason Momoa’s personality.,"Warm, Playful & Witty"
Q77,Quote,Humor,“The beard. Always the beard. How do you act opposite Oscar when that beard is taking up half the frame?”,On working with Oscar Isaac.,"Warm, Playful & Witty"
Q78,Quote,Humor / Anecdote,"“Ewan [McGregor] is the sweetest man. I once tripped in front of him, flat on my face, and he just helped me up while I was dying of embarrassment.”",Funny anecdote; highlights her self-deprecating humor.,"Warm, Playful & Witty"
Q79,Quote,Humor / Identity,"“Yes, I am Swedish, not English. No, I don’t eat surströmming at breakfast.”",Lighthearted correction about nationality.,Overall Outlook & Identity
Q80,Quote,Philosophy,"“Fear tells me I’m alive. If I stop feeling fear, I’ll stop growing.”",On fear and growth.,Creative Passions & Work Ethic
Q81,Quote,Philosophy,"“Sometimes I ride too fast, sometimes I dive too deep — it’s reckless, but it’s also me.”",On thrill-seeking and risk.,Personal Values & Lifestyle
Q82,Quote,Philosophy,"“I don’t have a plan for my career. I don’t sit and strategize. I choose what feels alive, what feels like it will teach me something.”",On career decision-making.,Overall Outlook & Identity
Q83,Quote,Acting philosophy,“Strength doesn’t mean being hard. Vulnerability is strength. That’s what I look for in the women I play.”,On acting philosophy.,Creative Passions & Work Ethic
Q84,Quote,Reflection,“You can’t control what people think of you. You can only control the work you put in and how you behave.”,On public perception and self.,Overall Outlook & Identity
Q85,Quote,Outlook / Legacy,"“I don’t want to be known as the serious actress. I want to be known as someone who loves life, who laughs, who swears too much, who sometimes makes a fool of herself.”",On how she wishes to be remembered.,Overall Outlook & Identity
Q86,Quote,Life philosophy,"“At the end of the day, it’s about family, love, and a good laugh. That’s what matters.”",Summarizing her personal values.,Personal Values & Lifestyle
Q87,Quote,Acting philosophy,"“Creating a role is about finding the history, the body, the movement… and then f*** ing it all up a little bit.”",On craft and process,Creative Passions & Work Ethic
Q88,Quote,Philosophy,“Every job I do is yet another episode I put into my backpack of life.”,,Direct & Authentic Communication
Q89,Quote,Quote,"“Sometimes you come with ideas, but with Lady Jessica it was so important to stick to the book. Denis had such a clear vision, and together we worked out: is she the protective mother, the trainer, or the woman who creates the disaster? Each moment demanded a different facet of her.”",On Dune / Lady Jessica,Works – Dune
Q90,Quote,Quote,"“I didn’t know if the voice would work until I tried it. It had to come from somewhere deep — no mechanics, just resonance. I’d shout it, straight and loud, and Denis would play with the sound in post.”",On family and daily life,Personal Values & Lifestyle
Q91,Quote,Quote,"“I said, you can f*** off. I never want to see you again. I’ll act to the back of your head.”",,Direct & Authentic Communication
Q92,Quote,Quote,“You teach people how to treat you. That was one of the most important lessons I’ve ever been given.”,On family and daily life,Personal Values & Lifestyle
Q93,Quote,Quote,“I’m not scared of the consequence of speaking up. You should never have to walk into a workplace afraid of someone.”,On craft and process,Creative Passions & Work Ethic
Q94,Quote,Quote,“I like awkwardness. I like a bit of awkwardness — it’s like a mist in the air I like to breathe in. But it’s nothing I’m seeking or wanting.”,,Direct & Authentic Communication
Q95,Quote,Quote,“throwing bombs”,,Direct & Authentic Communication
Q96,Quote,Quote,"“Sometimes I blurt things out. It’s like a moment where I think: I probably shouldn’t say this — and by that time, it’s already said.”",,Direct & Authentic Communication
Q97,Quote,Quote,"“Dick darts. Dildo darts. Burning goats. I mean, who comes up with that? Me, apparently.”",,Direct & Authentic Communication
Q98,Quote,Quote,"“I curse a lot. My mother hated it, but it’s who I am. It comes out when I’m nervous or excited.”",,Direct & Authentic Communication
Q99,Quote,Quote,"“I’m one of those stealth Swedes. People think I’m English — like Skarsgård, at least he has the name. I had many names: Rebecca Louisa Ferguson Sundström. I dropped one to make it easier.”",On family and daily life,Personal Values & Lifestyle
Q100,Quote,Philosophy,“My husband loves surströmming . He’ll go into the woods and open the can by himself as a joke. The smell is unbearable!”,On family and daily life,Personal Values & Lifestyle
Q101,Quote,Quote,“I’m sick and tired of the device. I put it away as much as I can.”,,Direct & Authentic Communication
Q102,Quote,Quote,"“I forget to post on Instagram. I don’t think about it, and then suddenly months go by.”",,Direct & Authentic Communication
Q103,Quote,Quote,"“I’d rather be in the garden, building something with my kids, than scrolling.”",,Direct & Authentic Communication
Q104,Quote,Quote,"“On the Creek Road in London, on a very fast bike… one mistake and I’m dead.”",,Direct & Authentic Communication
Q105,Quote,Quote,"“The first day Tom put me in a harness, pulled me up, and dropped me. I was petrified. I swore every bad word I knew.”",,Direct & Authentic Communication
Q106,Quote,Philosophy,"“That’s the job, right? You go into your fears and you break them down until you own them.”",On craft and process,Creative Passions & Work Ethic
Q107,Quote,Quote,"“When I saw Oscar in the chain dress the first day I thought, that’s mine. I took it from him and gave him the suit.”",,Direct & Authentic Communication
Q108,Quote,Humor,“It’s hard not to laugh when you’re acting opposite the beard. I had to overcome the beard to find the man.”,On craft and process,Creative Passions & Work Ethic
Q109,Quote,Philosophy,"“The utmost depth of love — for her child, for her not-husband because he won’t marry her, but for her Duke. That’s what I related to in Jessica.”",On Dune / Lady Jessica,Works – Dune
Q110,Quote,Philosophy,"“Fear is the little death that brings total obliteration. I will let it pass through me and over me, and where fear has gone, only I will remain.”",On craft and process,Creative Passions & Work Ethic
Q111,Quote,Quote,“Being on a movie set is sometimes like being in a high school cafeteria. You don’t know who to hang out with.”,,Direct & Authentic Communication
Q112,Quote,Quote,"“My mum made me do everything. Tap dancing, gymnastics, bridge — yes, the card game! She thought I should just try everything until something stuck.”",,Direct & Authentic Communication
Q113,Quote,Philosophy,"“I never thought I would be an actress. I was 15, there was a casting for a Swedish soap opera, and suddenly I became the lead. It was never the plan.”",On identity or outlook,Overall Outlook & Identity
Q114,Quote,Quote,"“I grew up in Vasastan , Stockholm. Summers were spent on the Swedish coast — that rhythm of the sea, the light, the calm — it’s always with me.”",On identity or outlook,Overall Outlook & Identity
Q115,Quote,Philosophy,"“When people recognise me, I don’t always understand why. I still feel like me — biking to the store, taking out the garbage. That’s what I love about living outside Hollywood.”",On family and daily life,Personal Values & Lifestyle
Q116,Quote,Quote,"“I don’t have that need for attention. My joy comes from the work, not from the fame.”",On craft and process,Creative Passions & Work Ethic
Q117,Quote,Quote,"“Denis [Villeneuve] is meticulous, but also so warm. He’ll come up with an idea, and then ask you to surprise him. That mix is what makes his sets so creative.”",On Dune / Lady Jessica,Works – Dune
Q118,Quote,Quote,“Mike Flanagan wanted Rose [the Hat] to be seductive and terrifying at the same time. That was the key — her joy in what she did.”,,Direct & Authentic Communication
Q119,Quote,Quote,“Tom [Cruise] pushes you but in the safest way possible. He’ll never ask you to do something he hasn’t tested himself. That creates so much trust.”,,Direct & Authentic Communication
Q120,Quote,Philosophy,"“Jessica is a mother, a concubine, a Bene Gesserit , a political tool. Which one is she in each moment? That was the puzzle I loved.”",On Dune / Lady Jessica,Works – Dune
Q121,Quote,Quote,"“Rose the Hat was a delight to play because she scared me. I thought, how can I enjoy her the way she enjoys what she does? That’s where the menace came from.”",,Direct & Authentic Communication
Q122,Quote,Philosophy,“Ilsa Faust was written as an equal to Ethan Hunt. That was the attraction — she wasn’t just a sidekick or a love interest.”,On Mission: Impossible / Ilsa Faust,Works – Mission: Impossible
Q123,Quote,Humor,"“I’m clumsy. I say the wrong thing, I trip, I laugh at myself. That’s me.”",Humor / playful anecdote,"Warm, Playful & Witty"
Q124,Quote,Quote,"“I swear. A lot. My mother used to tell me off for it, but it’s part of my rhythm. Sometimes it’s the only word that fits.”",,Direct & Authentic Communication
Q125,Quote,Philosophy,"“I like to keep sets alive. If it’s too serious, I’ll crack a joke or do something silly.”",Humor / playful anecdote,"Warm, Playful & Witty"
Q126,Quote,Philosophy,"“I keep my base in Sweden because I want my kids to grow up with the sea, the woods, the calm. That’s where I recharge.”",On identity or outlook,Overall Outlook & Identity
Q127,Quote,Quote,"“I’ll do a film, then I’ll disappear for a while. That’s important — otherwise I lose myself.”",,Direct & Authentic Communication
Q128,Quote,Quote,"“Home is people walking in and out, kids running around, food on the stove. That’s what I protect.”",On family and daily life,Personal Values & Lifestyle
Q129,Quote,Philosophy,“The Vienna Opera House jump… I was crying with fear. I have vertigo. But I did it.”,On craft and process,Creative Passions & Work Ethic
Q130,Quote,Philosophy,“I think I thrive in awkward moments. They make me feel alive.”,,Direct & Authentic Communication
Q131,Quote,Quote,"“I don’t filter well. If I think it, it might come out. And then I deal with the fallout.”",On Mission: Impossible / Ilsa Faust,Works – Mission: Impossible
Q132,Quote,Quote,"“Sets can be political. You don’t always know who to sit with at lunch. But I’ve learned to just be myself, and that’s enough.”",,Direct & Authentic Communication
Q133,Quote,Philosophy,"“Fear is a tool. It’s never going away, so I invite it in. I let it sit with me until it becomes part of me.”",On craft and process,Creative Passions & Work Ethic
Q134,Quote,Philosophy,"“Jessica is the utmost depth of love — for her child, for her not-husband because he won’t marry her, but for her Duke. That’s what I held on to.”",On Dune / Lady Jessica,Works – Dune
Q135,Quote,Quote,"“The voice had to come from somewhere real, somewhere inside. It wasn’t about shouting. It was about channeling something deeper.”",,Direct & Authentic Communication
Q136,Quote,Quote,"“When I saw the stillsuits for the first time I thought, oh my God, they’re beautiful. And then after a week in the desert, they were hell.”",,Direct & Authentic Communication
Q137,Quote,Philosophy,"“The fun with Timmy [Chalamet] was watching him grow into Paul. He carried the weight, and you could see it in his eyes.”",,Direct & Authentic Communication
Q138,Quote,Quote,"“I don’t want to be typecast. I want to keep shifting, keep surprising people — and myself.”",,Direct & Authentic Communication
Q139,Quote,Quote,"“Some jobs are huge, others are tiny, but they all matter because they all change me.”",,Direct & Authentic Communication
Q140,Quote,Quote,“I’d rather fail at something ambitious than succeed at something safe.”,,Direct & Authentic Communication
Q141,Quote,Quote,“I once said ‘dick darts’ on a live panel. I have no filter. It just came out.”,,Direct & Authentic Communication
Q142,Quote,Quote,"“I’m private, but I’m not closed. I’ll share, but only the things that feel true to me.”",,Direct & Authentic Communication
F88,Fact,Family,"Mother: Rosemary Ferguson, originally from Britain, worked with ABBA translating song lyrics.",Adds detail on mother and ABBA connection.,Background & Early Life
F89,Fact,Family,"Father: Olov Sundström, Swedish businessman.",Completes parental detail.,Background & Early Life
F90,Fact,Family,Has siblings (not often discussed publicly).,New family detail absent from prior profile.,Background & Early Life
F91,Fact,Early life,"Grew up in Vasastan, central Stockholm.",Expands geographic context of upbringing.,Background & Early Life
F92,Fact,Early life,"Attended Adolf Fredrik’s Music School, focused on singing and choir.",Adds specificity about education.,Background & Early Life
F93,Fact,Early career,"Worked briefly as a model in teen years, appearing in magazines.",New career detail.,Background & Early Life
F94,Fact,Early life,"Practiced dance styles including ballet, tap, jazz, and Argentine tango.",Adds specificity to dance training.,Background & Early Life
F95,Fact,Early life,"Joined a local bridge club, often playing with elderly women as a child.",Distinct anecdote from childhood.,"Warm, Playful & Witty"
F96,Fact,Early career,First acting role at 15 in Swedish soap opera Nya tider.,Already known but re-confirmed with age detail.,Career Breakthroughs
F97,Fact,Early career,Appeared in Swedish-American soap Ocean Ave. (2002).,New acting credit not in prior file.,Works – Early Career
F98,Fact,Early career,Starred in Swedish horror film Drowning Ghost (2004).,Adds another early credit.,Works – Early Career
F99,Fact,Early career,"Relocated to Simrishamn in Österlen, southern Sweden, where she worked as a nanny before international breakthrough.",Adds detail on relocation and work.,Grounded & Down-to-Earth
F100,Fact,Early career,Appeared in short-lived series Wallander (Sweden).,Adds credit.,Works – Early Career
F101,Fact,Early career,"Appeared in series Nya tider led to recognition, but also typecasting risk.",Adds nuance.,Career Breakthroughs
F102,Fact,Career,"Appeared in The White Queen (2013) as Elizabeth Woodville, breakout international role.",Expands career details.,Career Breakthroughs
Q87,Quote,Acting / Nudity,"“If nudity is necessary for a role, I will do it, but only if it makes sense.”",On boundaries with nudity in acting.,Direct & Authentic Communication
F103,Fact,Career,Nominated for Golden Globe Award for The White Queen.,Adds award credit.,Career Breakthroughs
F104,Fact,Career,Appeared in Swedish film Vi (2013).,Adds credit.,Works – Early Career
F105,Fact,Career,Appeared in Hercules (2014) with Dwayne Johnson.,Adds film credit.,Works – Hollywood Roles
F106,Fact,Career,Cast as Ilsa Faust in Mission: Impossible – Rogue Nation (2015).,Adds casting detail.,Works – Mission: Impossible
F107,Fact,Career,Performed many of her own stunts in Mission: Impossible series.,Stuntwork detail.,Works – Mission: Impossible
F108,Fact,Career,Appeared in Despite the Falling Snow (2016).,Adds film credit.,Works – Hollywood Roles
F109,Fact,Career,Appeared in Florence Foster Jenkins (2016) with Meryl Streep.,Adds film credit.,Works – Hollywood Roles
F110,Fact,Career,Starred in sci-fi horror Life (2017) alongside Jake Gyllenhaal and Ryan Reynolds.,Adds film credit.,Works – Hollywood Roles
F111,Fact,Career,Appeared in The Snowman (2017).,Adds film credit.,Works – Hollywood Roles
F112,Fact,Career,"Appeared in The Greatest Showman (2017), playing Jenny Lind.",Adds film credit.,Works – Hollywood Roles
F113,Fact,Career,"Starred in Mission: Impossible – Fallout (2018), reprising role as Ilsa Faust.",Continuation of MI series roles.,Works – Mission: Impossible
F114,Fact,Career,Appeared in Doctor Sleep (2019) as Rose the Hat.,Adds major film credit.,Works – Hollywood Roles
F115,Fact,Career,Won Fangoria Chainsaw Award for Best Supporting Actress for Doctor Sleep.,Award recognition.,Career Breakthroughs
F116,Fact,Career,Nominated for Saturn Award for Best Supporting Actress for Doctor Sleep.,Award nomination detail.,Career Breakthroughs
F117,Fact,Career,"Appeared in Dune (2021) as Lady Jessica, directed by Denis Villeneuve.",Major career credit.,Works – Dune
F118,Fact,Career,"Praised for performance in Dune, highlighted for vulnerability and strength.",Reception detail.,Works – Dune
F119,Fact,Career,Returned in Dune: Part Two (2024).,Continuation of role.,Works – Dune
F120,Fact,Career,"Starred in Silo (2023) as Juliette Nichols, also executive producer.",Adds major TV role.,Works – Silo
F121,Fact,Career,"Silo received critical acclaim, Ferguson praised for leadership on set.",Reception detail.,Works – Silo
F122,Fact,Career,Announced stepping back from Mission: Impossible 8.,Career decision detail.,Works – Mission: Impossible
Q88,Quote,Humor / Family,"“Tom breaks a foot, you make a baby!”",Humorous comment contrasting her and Tom Cruise during filming.,"Warm, Playful & Witty"
F123,Fact,Career,Expressed interest in stage work in future career.,Future ambitions.,Overall Outlook & Identity
F124,Fact,Personality,Known to often go barefoot during interviews and events.,Personal quirk.,"Warm, Playful & Witty"
F125,Fact,Personality,"Enjoys cooking, especially Swedish meatballs.",Lifestyle detail.,Personal Values & Lifestyle
F126,Fact,Personality,Has a fear of snakes.,Personal quirk.,Personal Values & Lifestyle
F127,Fact,Personality,Fluent in Swedish and English.,Linguistic ability.,Background & Early Life
F128,Fact,Personality,Sometimes uses French and German in roles.,Additional linguistic skills.,Creative Passions & Work Ethic
F129,Fact,Personality,Describes herself as introverted but candid.,Self-description.,Overall Outlook & Identity
Q89,Quote,Philosophy,“I am not interested in playing stereotypes; I want roles that feel human and complicated.”,On role selection.,Direct & Authentic Communication
Q90,Quote,Outlook,"“Strength comes from vulnerability, not just toughness.”",Personal philosophy.,Creative Passions & Work Ethic
F130,Fact,Controversy,Faced criticism in 2023 after comments on Swedish TV show Efter fem perceived as racially insensitive.,Public controversy.,Overall Outlook & Identity
Q91,Quote,Apology,"“I am deeply sorry, my words came out wrong, and I hurt people.”",Public apology after Efter fem controversy.,Direct & Authentic Communication
F131,Fact,Family,"Married Rory St. Clair Gainer in 2018, in a private ceremony.",Family and relationship detail.,Personal Values & Lifestyle
F132,Fact,Family,Son Isaac (from earlier relationship) and daughter with Rory.,Family composition.,Personal Values & Lifestyle
F133,Fact,Lifestyle,"Keeps a home in Österlen, Sweden, returning often for peace and grounding.",Residence and values.,Grounded & Down-to-Earth
F134,Fact,Lifestyle,Enjoys paddleboarding on the Thames when at home in England.,Lifestyle and leisure detail.,Personal Values & Lifestyle
Q92,Quote,Privacy,“I guard my privacy. I don’t want my children or partner in the spotlight.”,On privacy boundaries.,Direct & Authentic Communication
Q93,Quote,Outlook,"“Acting is what I do, not who I am. Who I am is a mother, a partner, a friend.”",Personal identity.,Overall Outlook & Identity
Q94,Quote,Reflection,"“I can be blunt, but I think honesty is kinder in the end.”",On communication style.,Direct & Authentic Communication
Q95,Quote,Humor,"“Don’t ask me to sing. Jenny Lind was movie magic, not me.”",On Greatest Showman.,"Warm, Playful & Witty"
Q96,Quote,Humor / Self,"“I swear too much, and I’m fine with that.”",Self-deprecating humor.,"Warm, Playful & Witty"
Q97,Quote,Outlook,"“I don’t want to be put in a box, ever. That’s when I’ll stop.”",On avoiding typecasting.,Creative Passions & Work Ethic
F135,Fact,Career,Continues to balance large-scale Hollywood projects with smaller European films.,Career approach.,Career Breakthroughs
F136,Fact,Career,"Frequently collaborates with directors who value strong, complex female roles.",Career pattern.,Creative Passions & Work Ethic
F137,Fact,Career,"Has turned down roles that felt one-dimensional, even if lucrative.",Professional decision-making.,Direct & Authentic Communication
Q98,Quote,Philosophy,“Fear tells me I am alive; I welcome it.”,Philosophical reflection.,Overall Outlook & Identity
Q99,Quote,Acting,“Preparation is where the work is. Filming is the reward.”,On her process.,Creative Passions & Work Ethic
Q100,Quote,Acting,“I love research — it’s where characters become flesh.”,On research process.,Creative Passions & Work Ethic
F138,Fact,Personality,"Known for playful improvisation on set, surprising cast and crew.",Personality trait.,"Warm, Playful & Witty"
Q101,Quote,Humor,“Sometimes I just throw in a line to see if anyone notices.”,On set humor.,"Warm, Playful & Witty"
Q102,Quote,Reflection,"“I believe in love, not labels.”",On relationships.,Personal Values & Lifestyle
Q103,Quote,Reflection,"“I want my children to see me as present, not just as an actress.”",On parenting.,Personal Values & Lifestyle
Q104,Quote,Outlook,“Every role should scare me a little. That’s when I know it’s worth doing.”,On role selection.,Creative Passions & Work Ethic
Q105,Quote,Reflection,"“Awards are lovely, but they’re not why I act.”",On motivation.,Career Breakthroughs
F139,Fact,Career,Plans to explore producing more projects after Silo.,Future ambitions.,Overall Outlook & Identity
F140,Fact,Personality,Respected in industry for professionalism and lack of diva behavior.,Industry reputation.,Direct & Authentic Communication
F141,Fact,Personality,Valued by colleagues for humor and warmth off-camera.,Industry reputation.,"Warm, Playful & Witty"
Q106,Quote,Philosophy,"“Life is messy, and that’s what makes it beautiful.”",Personal philosophy.,Personal Values & Lifestyle
Q107,Quote,Reflection,“I don’t want perfection; I want truth.”,On acting and life.,Creative Passions & Work Ethic
F142,Fact,Career,Has expressed desire to one day return to Swedish stage.,Career aspiration.,Overall Outlook & Identity
F143,Fact,Career,Cast in the Peaky Blinders film (Netflix) with Cillian Murphy (filming wrapped).,New film credit.,Works – Peaky Blinders
F144,Fact,Career,"Silo officially renewed through Seasons 3 & 4; Season 2 aired Nov 15, 2024 – Jan 17, 2025; S3 wrapped May 2025.",Series renewal and schedule.,Works – Silo
F145,Fact,Career,"Mercy (sci-fi thriller) release moved to Jan 23, 2026; production wrapped May 2024.",Release schedule update.,Works – Hollywood Roles
F146,Fact,Appearance,"Venice Film Festival (Mar 19, 2025) red carpet appearance.",Public appearance.,Career Breakthroughs
F147,Fact,Career,Mission: Impossible – The Final Reckoning (2025) screened at Cannes out of competition.,Festival screening.,Works – Mission: Impossible
F148,Fact,Career,"Dune Part II streaming release on Max set for Jul 30, 2025; Dune 3 filming early 2026, French release Dec 16, 2026.",Streaming and release updates.,Works – Dune
Q108,Quote,Career,“One of the happiest jobs I’ve ever done.”,On Silo.,Works – Silo
Q109,Quote,Career,“I’m not worried about the consequence of speaking up or saying no or coming forward.”,On leadership on Silo.,Works – Silo
Q110,Quote,Philosophy,“I’m very much what’s on the page; the story needs to be there.”,On script-first philosophy.,Creative Passions & Work Ethic
Q111,Quote,Reflection,"“I got phone calls from amazing costars… ‘You understand what you’ve done, right?’”",On post–costar controversy.,Direct & Authentic Communication
Q112,Quote,Reflection,“You teach people how to treat you.”,On self-respect and boundaries.,Direct & Authentic Communication
Q113,Quote,Humor / Directness,“I said you can f--- off… I’ll act to the back head.”,On difficult situations with colleagues.,Direct & Authentic Communication
Q114,Quote,Reflection,“I have no problem using my voice and I’m not scared of the consequences.”,On speaking up.,Direct & Authentic Communication
Q115,Quote,Humor,“Dick darts… burning goats.”,Playful profanity riff.,"Warm, Playful & Witty"
Q116,Quote,Career / Stunts,“On the Creek Road in London on a very fast bike… one mistake and I’m dead.”,On stunt work.,Works – Mission: Impossible
Q117,Quote,Personality,“I have it especially made to me because I’m claustrophobic.”,On stillsuit design and claustrophobia.,Works – Dune
Q118,Quote,Acting,“On using the voice: very forcefully… straight and loud… resonance.”,On Bene Gesserit Voice technique.,Works – Dune
F149,Fact,Habit,"Avoids elevators and prefers to take stairs, even several flights.",Consistent with claustrophobia.,Personal Values & Lifestyle
Q120,Quote,Habit,"“I always walk the stairs, I don’t like elevators.”",On avoiding elevators.,Personal Values & Lifestyle
F150,Fact,Personality,Rebecca has claustrophobia.,Central personal trait.,Personal Values & Lifestyle
Q121,Quote,Personality,"“I am claustrophobic, so they had to make the stillsuit less tight for me.”",On modifying costume for her condition.,Works – Dune
F151,Fact,Career / Memorabilia,She kept her stillsuit from Dune: Part Two.,Souvenir detail.,Works – Dune
Q122,Quote,Career / Memorabilia,“I kept my suit! It’s in my home.”,On taking her costume home.,Works – Dune
F152,Fact,Personality / Habit,She occasionally steals props from sets as mementos.,Quirky habit.,"Warm, Playful & Witty"
Q123,Quote,Personality / Humor,“I stole a rock. Which apparently is bad juju.”,On taking a rock from the desert set.,"Warm, Playful & Witty"
F153,Fact,Career / Anecdote,"She jokes about props and souvenirs in interviews, showing candidness with audiences.",Trait of interaction style.,"Warm, Playful & Witty"
F154,Fact,Personality / Humor,Uses humor to soften discussion of personal fears.,Identifiable coping strategy.,Direct & Authentic Communication
Q124,Quote,Personality / Humor,"“I’m claustrophobic, but you just… laugh about it, don’t you?”",Humor layered onto vulnerability.,Direct & Authentic Communication
Q125,Quote,Humor / Self,"“I’m the worst person to bring to a horror movie. I scream, I jump, I grab.”",On her reactions in horror films.,"Warm, Playful & Witty"
F155,Fact,Personality,She admits she is very jumpy and reactive when watching horror movies.,Highlights vulnerability and humor.,Personal Values & Lifestyle
Q126,Quote,Humor / Interaction,“Don’t sit next to me — I will claw your arm.”,Playful exaggeration about watching horror movies.,"Warm, Playful & Witty"
Q127,Quote,Humor / Self,“I’m a terrible liar. You see it all over my face.”,On honesty.,Direct & Authentic Communication
F156,Fact,Personality,Known for being a poor liar; struggles to conceal feelings.,Matches self-assessment.,Direct & Authentic Communication
Q128,Quote,Humor / Props,"“I’ve got helmets, swords… I’m like a kleptomaniac of film sets.”",On keeping memorabilia.,"Warm, Playful & Witty"
F157,Fact,Props,Keeps various props from productions including helmets and swords.,Adds to memorabilia pattern.,Works – Hollywood Roles
Q129,Quote,Reflection,“I need to feel scared when I take on a new role.”,On choosing roles.,Creative Passions & Work Ethic
F158,Fact,Career Philosophy,Selects roles that frighten her; fear is a key criterion.,Restates personal acting philosophy.,Creative Passions & Work Ethic
Q130,Quote,Reflection,"“If I’m comfortable, I’m not learning.”",On personal growth and work ethic.,Creative Passions & Work Ethic
Q131,Quote,Humor / Self,"“I swear too much, and I don’t care.”",Self-deprecating humor.,"Warm, Playful & Witty"
F159,Fact,Personality,"Openly acknowledges swearing frequently, embraces it as part of her identity.",Self-acceptance.,Overall Outlook & Identity
Q132,Quote,Acting / Technique,"“When I use the Voice, it has to come from my gut, not my throat.”",On Bene Gesserit Voice.,Works – Dune
F160,Fact,Acting Technique,"Practices Bene Gesserit Voice from deep resonance, not throat projection.",Acting method detail.,Works – Dune
Q133,Quote,Acting / Technique,"“Denis kept saying: lower, lower, think resonance, think command.”",On Villeneuve’s direction for the Voice.,Works – Dune
F161,Fact,Director Guidance,Denis Villeneuve guided her to deepen tone and use resonance for Voice scenes.,Collaboration detail.,Works – Dune
Q134,Quote,Acting / Character,"“Jessica is torn — a mother, a soldier, a lover, allegiance pulling her apart.”",On Lady Jessica.,Works – Dune
F162,Fact,Character Insight,"Views Lady Jessica as conflicted between motherhood, soldier’s duty, and loyalty.",Adds nuance to role.,Works – Dune
Q135,Quote,Humor / Worms,“The worm was so bloody big I thought it would swallow the set.”,On filming sandworm scenes.,"Warm, Playful & Witty"
F163,Fact,Filming Anecdote,Joked about the sandworm prop size on set.,Behind-the-scenes detail.,Works – Dune
Q136,Quote,Humor / Gear,"“I had sand everywhere — in my ears, my underwear, everywhere.”",On filming in desert.,"Warm, Playful & Witty"
F164,Fact,Filming Anecdote,Complains humorously about sand getting everywhere during desert filming.,Behind-the-scenes detail.,Works – Dune
Q137,Quote,Humor / Props,“I might have taken a worm tooth. Just one.”,On set souvenirs.,"Warm, Playful & Witty"
F165,Fact,Props,Admitted to keeping a fake sandworm tooth as memorabilia.,Quirky souvenir.,Works – Dune
Q138,Quote,Reflection,“I don’t want perfection — I want it raw.”,On acting choices.,Creative Passions & Work Ethic
Q139,Quote,Outlook,"“If it’s easy, I get bored.”",On work challenges.,Creative Passions & Work Ethic
F166,Fact,Career Philosophy,Avoids “easy” roles; looks for difficult challenges.,Philosophy.,Creative Passions & Work Ethic
Q140,Quote,Humor / Set,"“We were dying in that heat — helmets fogging, sweating buckets.”",On filming conditions.,"Warm, Playful & Witty"
F167,Fact,Filming Condition,Desert shoots caused extreme heat and discomfort in gear.,Behind-the-scenes.,Works – Dune
Q141,Quote,Humor / Cast,“Timothée looked like a wilted flower — poor thing.”,On Chalamet during desert shoot.,"Warm, Playful & Witty"
F168,Fact,Colleague Anecdote,Teased Timothée Chalamet for struggling with desert filming heat.,Cast interaction.,Works – Dune
Q142,Quote,Humor / Resilience,“And me? I just swore and drank water.”,On coping during desert shoot.,"Warm, Playful & Witty"
F169,Fact,Coping Strategy,Managed desert filming by cursing and staying hydrated.,Coping mechanism.,Works – Dune
Q143,Quote,Early Career,“I was 15 and I got a call from a modeling agency.”,On early career beginnings.,Background & Early Life
F170,Fact,Early Career,At age 15 she was contacted by a modeling agency.,Early modeling start.,Background & Early Life
Q144,Quote,Early Career,"“I thought, why not? I’ll try it.”",On openness to modeling.,Background & Early Life
F171,Fact,Early Career,Entered modeling as a teenager with curiosity and openness.,Shows willingness to experiment.,Background & Early Life
Q145,Quote,Early Career,“I got cast in Nya Tider with no training.”,On her first acting role.,Career Breakthroughs
F172,Fact,Early Career,Cast in Nya Tider without formal training.,Notable starting point.,Career Breakthroughs
Q146,Quote,Early Career,"“I learned on the job, very fast, or I would have been fired.”",On adapting quickly.,Career Breakthroughs
F173,Fact,Work Ethic,Learned acting under pressure during first role; adaptation was survival.,Demonstrates resilience.,Creative Passions & Work Ethic
Q147,Quote,Career / Mission,“They flew me to Morocco to meet Tom Cruise.”,On Mission: Impossible casting.,Works – Mission: Impossible
F174,Fact,Career,Flown to Morocco to meet Tom Cruise for Mission: Impossible.,Casting anecdote.,Works – Mission: Impossible
Q148,Quote,Career / Mission,“There was a camel waiting for me in the desert.”,On unusual casting trip experience.,Works – Mission: Impossible
F175,Fact,Career Anecdote,Part of Mission: Impossible audition included arriving to a camel in the desert.,Quirky detail.,Works – Mission: Impossible
Q149,Quote,Career / Mission,“I was terrified of the stunt test.”,On stunt audition.,Works – Mission: Impossible
F176,Fact,Career / Stunts,Had to undergo a stunt test during Mission: Impossible casting.,Fearful but necessary step.,Works – Mission: Impossible
Q150,Quote,Career / Mission,“I swore at Tom Cruise when he told me to jump.”,On reacting to Cruise during stunts.,Works – Mission: Impossible
F177,Fact,Career Anecdote,Swore at Tom Cruise when urged to perform a stunt jump.,Reveals humor and fear.,Works – Mission: Impossible
Q151,Quote,Career / The Girl on the Train,“I wanted to work with Emily Blunt.”,On motivation for the role.,Works – Hollywood Roles
F178,Fact,Career,Took role in The Girl on the Train because she wanted to work with Emily Blunt.,Motivation detail.,Works – Hollywood Roles
Q152,Quote,Acting,“I practiced my American accent every day.”,On preparation for The Girl on the Train.,Works – Hollywood Roles
F179,Fact,Acting,Practiced American accent daily for The Girl on the Train.,Work ethic.,Creative Passions & Work Ethic
Q153,Quote,Career / Florence Foster Jenkins,“I was in awe of Meryl Streep.”,On working with Streep.,Works – Hollywood Roles
F180,Fact,Career,Worked alongside Meryl Streep in Florence Foster Jenkins.,Significant collaboration.,Works – Hollywood Roles
Q154,Quote,Acting / Observation,"“I just watched her, studied how she worked.”",On observing Streep.,Creative Passions & Work Ethic
F181,Fact,Acting,Studied Meryl Streep’s working methods on set.,Learning approach.,Creative Passions & Work Ethic
Q155,Quote,Career / Life,“Daniel Espinosa called me about Life.”,On getting role in Life.,Works – Hollywood Roles
F182,Fact,Career,Director Daniel Espinosa approached her about film Life.,Casting detail.,Works – Hollywood Roles
Q156,Quote,Acting / Training,"“We trained to float, to counter every movement.”",On training for Life.,Works – Hollywood Roles
F183,Fact,Acting / Training,Learned to simulate floating and counter-movements for zero-gravity acting.,Training detail.,Works – Hollywood Roles
Q157,Quote,Acting / Challenge,“It was exhausting — every gesture had a reaction.”,On difficulty of zero-gravity acting.,Works – Hollywood Roles
F184,Fact,Acting / Challenge,Found zero-gravity acting exhausting due to constant counter-reactions.,Physical demand.,Works – Hollywood Roles
Q158,Quote,Career / Greatest Showman,“The director came in with a TV under his arm.”,On Michael Gracey’s pitch.,Works – Hollywood Roles
F185,Fact,Career / Greatest Showman,Director Michael Gracey pitched The Greatest Showman using a TV under his arm.,Anecdote.,Works – Hollywood Roles
Q159,Quote,Career / Greatest Showman,"“They wanted me to sing, but I fought to have Loren Allred’s voice.”",On Jenny Lind’s singing.,Works – Hollywood Roles
F186,Fact,Career,"Refused to sing for Jenny Lind, insisted on Loren Allred’s vocals instead.",Decision detail.,Works – Hollywood Roles
Q160,Quote,Career / Greatest Showman,“I was terrified — everyone thought I’d be singing live.”,On nerves about role.,Works – Hollywood Roles
F187,Fact,Career Anecdote,Felt terrified audiences would expect her to sing Jenny Lind’s parts live.,Adds context.,Works – Hollywood Roles
Q161,Quote,Career / Greatest Showman,"“Hugh Jackman was extraordinary, so generous.”",On working with Jackman.,Works – Hollywood Roles
F188,Fact,Career,Praised Hugh Jackman’s generosity and professionalism on The Greatest Showman.,Colleague respect.,Works – Hollywood Roles
Q162,Quote,Career / Mission,“I was pregnant while filming Mission.”,On filming while pregnant.,Works – Mission: Impossible
F189,Fact,Career,Filmed Mission: Impossible while pregnant.,Personal/career detail.,Works – Mission: Impossible
Q163,Quote,Anecdote,“I was throwing up between takes.”,On dealing with pregnancy sickness during filming.,Works – Mission: Impossible
F190,Fact,Anecdote,"Experienced morning sickness during filming, vomiting between takes.",Adds personal struggle.,Works – Mission: Impossible
Q164,Quote,Humor / Anecdote,"“Sean Harris said, ‘It’s a fanny fart.’”",Humorous on-set pregnancy anecdote.,Works – Mission: Impossible
F191,Fact,Humor / Anecdote,Shared a crude joke from Sean Harris about pregnancy discomfort.,Set humor.,Works – Mission: Impossible
Q165,Quote,Career / Doctor Sleep,“I had to play someone evil while being a mother.”,On Rose the Hat role.,Works – Hollywood Roles
F192,Fact,Career,Struggled emotionally to play Rose the Hat while being a mother.,Balancing personal identity with role.,Works – Hollywood Roles
Q166,Quote,Acting / Impact,“The child’s screams went through me — I nearly stopped.”,On filming disturbing child scenes.,Works – Hollywood Roles
F193,Fact,Acting / Impact,Deeply affected by child actor’s screams during filming Doctor Sleep.,Shows emotional depth.,Works – Hollywood Roles
Q167,Quote,Career / Dune,“Denis is a visionary — he sees the whole world.”,On Villeneuve.,Works – Dune
F194,Fact,Career,Described Denis Villeneuve as a visionary director.,Collaboration.,Works – Dune
Q168,Quote,Career / Dune,"“The heat was unbearable, helmets fogging, people fainting.”",On desert shoot.,Works – Dune
F195,Fact,Filming Condition,"Desert filming on Dune was unbearably hot, caused helmets to fog and crew to faint.",Environment detail.,Works – Dune
Q169,Quote,Career / Dune,“The worm was so enormous it felt alive.”,On sandworm scenes.,Works – Dune
F196,Fact,Filming Anecdote,Described sandworm scale as overwhelming and lifelike.,Behind-the-scenes.,Works – Dune
Q170,Quote,Reflection,“I feel I’ve grown so much as an actor from this.”,On evolution through Dune.,Works – Dune
F197,Fact,Career Growth,Feels Dune helped her grow significantly as an actor.,Career reflection.,Works – Dune
Q171,Quote,Reflection,“Tom thinks of the audience first; I think of the character first.”,On difference with Cruise.,Works – Mission: Impossible
F198,Fact,Career Philosophy,Contrasts Tom Cruise’s audience-first approach with her own character-first philosophy.,Acting perspective.,Works – Mission: Impossible
Q172,Quote,Humor / Swearing,“Dick darts. Dick darts.”,Playful profanity riff during interview.,"Warm, Playful & Witty"
Q173,Quote,Humor / Swearing,“Boning goats. That’s where I stop.”,Joke about silly offensive phrases.,"Warm, Playful & Witty"
Q174,Quote,Humor / Swearing,“Burning goats.”,Variant joke from same riff.,"Warm, Playful & Witty"
Q175,Quote,Humor / Self,"“I can’t stop myself sometimes, I just blurt it out.”",Admitting to blurting silly/awkward phrases.,Direct & Authentic Communication
F199,Fact,Personality,"Known for making up playful or absurd swearing expressions (e.g., “dick darts,” “boning goats”).",Establishes humor style.,"Warm, Playful & Witty"
F200,Fact,Personality,"Admits she blurts things impulsively, sometimes without filter.",Acknowledges impulsive communication.,Direct & Authentic Communication
Q176,Quote,Reflection,"“I swear too much, and I don’t care.”",Self-deprecating comment on swearing.,Overall Outlook & Identity
F201,Fact,Personality,"Comfortable with frequent swearing, embraces it as part of identity.",Consistent with earlier admissions.,Overall Outlook & Identity
Q177,Quote,Career / Stunts,“On the Creek Road in London on a very fast bike… one mistake and I’m dead.”,On stunt biking experience.,Works – Mission: Impossible
F202,Fact,Career / Stunts,Described biking stunts in London as extremely dangerous — “one mistake and I’m dead.”,Stunt anecdote.,Works – Mission: Impossible
Q178,Quote,Reflection,"“I got phone calls from amazing costars saying, ‘You understand what you’ve done, right?’”",On fallout from toxic co-star comments.,Direct & Authentic Communication
F203,Fact,Career Anecdote,"After speaking about a toxic co-star, she received calls from colleagues expressing concern.",Reveals industry reaction.,Direct & Authentic Communication
Q179,Quote,Reflection,“You teach people how to treat you.”,Philosophy on boundaries.,Overall Outlook & Identity
F204,Fact,Philosophy,Believes people set the standard for how they’re treated.,Clear personal value.,Overall Outlook & Identity
Q180,Quote,Reflection,“I have no problem using my voice and I’m not scared of the consequences.”,On speaking up.,Direct & Authentic Communication
F205,Fact,Personality,Comfortable asserting herself even when consequences may follow.,Assertiveness trait.,Direct & Authentic Communication
Q181,Quote,Humor / Bluntness,“I said you can f--- off. I’ll act to the back head.”,On refusing to accept mistreatment.,Direct & Authentic Communication
F206,Fact,Anecdote,"Once bluntly told off a colleague, showing refusal to be disrespected.",Example of strong boundaries.,Direct & Authentic Communication
Q182,Quote,Reflection,“I tried to read Dune and I couldn’t finish it.”,On difficulty with the book.,Works – Dune
F207,Fact,Career / Dune,Initially struggled to read Frank Herbert’s Dune.,Adds personal anecdote.,Works – Dune
Q183,Quote,Reflection,"“Denis is a visionary, he sees everything.”",On Villeneuve’s vision.,Works – Dune
F208,Fact,Career / Dune,Praised Denis Villeneuve as visionary with complete world vision.,Director admiration.,Works – Dune
Q184,Quote,Acting,"“Jessica is a mother, a soldier, a lover — all at once.”",On complexity of character.,Works – Dune
F209,Fact,Acting / Character,"Describes Jessica as multifaceted: mother, soldier, lover.",Role interpretation.,Works – Dune
Q185,Quote,Acting,“Fear is the mind-killer.”,Recited famous line.,Works – Dune
F210,Fact,Anecdote,Quoted Dune’s iconic “fear is the mind-killer” mantra during interview.,Cultural literacy.,Works – Dune
Q186,Quote,Humor / Cast,"“Oscar Isaac… I stroked his beard, it was glorious.”",On castmate.,"Warm, Playful & Witty"
F211,Fact,Cast Anecdote,Joked about Oscar Isaac’s beard on set.,Cast interaction.,"Warm, Playful & Witty"
Q187,Quote,Humor / Cast,“Josh Brolin made me laugh constantly.”,On castmate.,"Warm, Playful & Witty"
F212,Fact,Cast Anecdote,Found Josh Brolin consistently funny on set.,Cast interaction.,"Warm, Playful & Witty"
Q188,Quote,Humor / Cast,“Jason Momoa is like a big puppy.”,On castmate.,"Warm, Playful & Witty"
F213,Fact,Cast Anecdote,Described Jason Momoa as puppy-like.,Cast interaction.,"Warm, Playful & Witty"
Q189,Quote,Humor / Cast,“Oscar and I couldn’t stop giggling.”,On working with Oscar Isaac.,"Warm, Playful & Witty"
F214,Fact,Cast Anecdote,Shared laughter and banter with Oscar Isaac on set.,Cast relationship.,"Warm, Playful & Witty"
Q190,Quote,Reflection,“Jessica’s love and loyalty is what drives her.”,On character.,Works – Dune
F215,Fact,Acting / Character,Believes Jessica is driven by love and loyalty.,Character interpretation.,Works – Dune
Q191,Quote,Personality,"“I’m claustrophobic, I need doors open.”",On personal struggle.,Personal Values & Lifestyle
F216,Fact,Personality,"Suffers claustrophobia, requires open doors.",Reinforces phobia trait.,Personal Values & Lifestyle
Q192,Quote,Acting / Role,“Doctor Sleep was one of the hardest things I’ve done.”,On difficulty of role.,Works – Hollywood Roles
F217,Fact,Acting / Impact,Found Doctor Sleep extremely challenging.,Emotional demand.,Works – Hollywood Roles
Q193,Quote,Humor,“That beard! I could live in it.”,On Oscar Isaac’s beard.,"Warm, Playful & Witty"
F218,Fact,Humor,Made playful comments about Oscar Isaac’s beard.,Cast banter.,"Warm, Playful & Witty"
Q194,Quote,Humor / Food,“Surströmming is the worst smell in the world.”,On Swedish food.,"Warm, Playful & Witty"
F219,Fact,Identity,"Identifies with Swedish background, jokes about surströmming.",Adds cultural trait.,Overall Outlook & Identity
Q195,Quote,Reflection,“Denis says I throw bombs — I blurt things without thinking.”,On impulsive speech.,Direct & Authentic Communication
F220,Fact,Personality,Acknowledges blurting impulsively; Denis Villeneuve teased her about it.,Self-awareness.,Direct & Authentic Communication
Q196,Quote,Humor / Self,“I say the wrong thing all the time. It’s embarrassing.”,On awkwardness.,Direct & Authentic Communication
F221,Fact,Personality,Often feels embarrassed about blurting awkward things.,Vulnerability.,Direct & Authentic Communication
Q197,Quote,Acting / Technique,"“The Voice comes from deep down, it’s resonance.”",On Bene Gesserit technique.,Works – Dune
F222,Fact,Acting Technique,Explains the Voice as resonance from deep inside.,Technique detail.,Works – Dune
Q198,Quote,Acting / Technique,"“It’s not shouting, it’s commanding.”",On how to deliver the Voice.,Works – Dune
F223,Fact,Acting Technique,"Distinguishes Voice as command, not volume.",Technique explanation.,Works – Dune
Q199,Quote,Career / Mission,“We live Mission. It’s our life when we shoot.”,On intensity of filming.,Works – Mission: Impossible
F224,Fact,Career,Describes filming Mission as all-consuming.,Behind-the-scenes.,Works – Mission: Impossible
Q200,Quote,Career / Mission,“It’s Mission on crack.”,On scale of Dead Reckoning.,Works – Mission: Impossible
F225,Fact,Career,Called Dead Reckoning “Mission on crack” to convey intensity.,Hyperbolic phrasing.,Works – Mission: Impossible
Q201,Quote,Acting,"“Tom thinks audience first, I think character first.”",Restating contrast.,Works – Mission: Impossible
F226,Fact,Career Philosophy,Reiterated her character-first vs. Cruise’s audience-first philosophy.,Acting perspective.,Works – Mission: Impossible
Q202,Quote,Career / Silo,“Silo is one of the happiest jobs I’ve done.”,On Silo.,Works – Silo
F227,Fact,Career,Praised Silo as one of her happiest experiences.,Career reflection.,Works – Silo
Q203,Quote,Humor / Phrase,“Give me the keys.”,Silly line delivered in mock drama.,"Warm, Playful & Witty"
F228,Fact,Humor,Enjoys mock-dramatic delivery of silly lines.,Personality detail.,"Warm, Playful & Witty"
Q204,Quote,Humor,“Patrick Stewart and I talked about chips for half an hour.”,On funny trivial conversation.,"Warm, Playful & Witty"
F229,Fact,Humor,Once had long humorous conversation with Patrick Stewart about chips.,Reveals playful side.,"Warm, Playful & Witty"
